[
  {
    "title": {
      "de": "Er sucht Sie",
      "en": "Er sucht Sie"
    },
  "link": "cat_test"
  },
  {
    "title": {
      "de": "Sie sucht Ihn",
      "en": "Sie sucht Ihn"
    },
    "link": "cat_test_2"
  },
  {
    "title": {
      "de": "Online Sex",
      "en": "Online Sex",
      "dk": "Online Sex"
    },
    "link": "cat_test_3"
  },
  {
    "title": {
      "de": "Paare",
      "en": "Paare",
      "dk": "Paare"
    },
    "link": "cat_test_4"
  },
  {
    "title": {
      "de": "Fetisch",
      "en": "Fetisch",
      "dk": "Online Sex"
    },
    "link": "cat_test_5"
  }
]