[
  {
    "photo": "https://nostrahomes.com.au/uploads/cms/unknown.jpg",
    "badge": "vip",
    "title": {
      "en": "Asia SARAH 21J. \uD83C\uDF38 geiler Service + ANAL !!!",
      "de": "Asia SARAH 21J. \uD83C\uDF38 geiler Service + ANAL !!!",
      "dk": "Asia SARAH 21J. \uD83C\uDF38 geiler Service + ANAL !!!"
    },
    "description": {
      "en": "Lorem Ipsum is simply dummy text of the printing and typesetting industry. Lorem Ipsum has been the industry's standard dummy text ever since the 1500s, when an unknown printer took a galley of type and scrambled it to make a type specimen book.",
      "de": "Lorem Ipsum ist einfach der Blindtext der Druck- und Setzindustrie. Lorem Ipsum ist der Standard-Blindtext der Branche seit den 1500er Jahren, als ein unbekannter Drucker eine Druckfahne nahm und sie für die Erstellung eines Musterbuches verschlüsselte.",
      "dk": "Asia SARAH 21J. \uD83C\uDF38 geiler Service + ANAL !!!"
    },
    "looking": {
      "en": "She is looking for him",
      "de": "Sie sucht Ihn"
    },
    "location": {
      "en": "80979 Munich",
      "de": "80979 München",
      "dk": "Heute, vor 3 Min."
    }
  },
  {
    "photo": "https://nostrahomes.com.au/uploads/cms/unknown.jpg",
    "badge": "hot",
    "title": {
      "en": "Asia SARAH 21J. \uD83C\uDF38 geiler Service + ANAL !!!",
      "de": "Asia SARAH 21J. \uD83C\uDF38 geiler Service + ANAL !!!",
      "dk": "Asia SARAH 21J. \uD83C\uDF38 geiler Service + ANAL !!!"
    },
    "description": {
      "en": "Lorem Ipsum is simply dummy text of the printing and typesetting industry. Lorem Ipsum has been the industry's standard dummy text ever since the 1500s, when an unknown printer took a galley of type and scrambled it to make a type specimen book.",
      "de": "Lorem Ipsum ist einfach der Blindtext der Druck- und Setzindustrie. Lorem Ipsum ist der Standard-Blindtext der Branche seit den 1500er Jahren, als ein unbekannter Drucker eine Druckfahne nahm und sie für die Erstellung eines Musterbuches verschlüsselte.",
      "dk": "Asia SARAH 21J. \uD83C\uDF38 geiler Service + ANAL !!!"
    },
    "looking": {
      "en": "She is looking for him",
      "de": "Sie sucht Ihn"
    },
    "location": {
      "en": "80979 Munich",
      "de": "80979 München",
      "dk": "Heute, vor 3 Min."
    }
  },
  {
    "photo": "https://nostrahomes.com.au/uploads/cms/unknown.jpg",
    "badge": "pushup",
    "title": {
      "en": "Asia SARAH 21J. \uD83C\uDF38 geiler Service + ANAL !!!",
      "de": "Asia SARAH 21J. \uD83C\uDF38 geiler Service + ANAL !!!",
      "dk": "Asia SARAH 21J. \uD83C\uDF38 geiler Service + ANAL !!!"
    },
    "description": {
      "en": "Lorem Ipsum is simply dummy text of the printing and typesetting industry. Lorem Ipsum has been the industry's standard dummy text ever since the 1500s, when an unknown printer took a galley of type and scrambled it to make a type specimen book.",
      "de": "Lorem Ipsum ist einfach der Blindtext der Druck- und Setzindustrie. Lorem Ipsum ist der Standard-Blindtext der Branche seit den 1500er Jahren, als ein unbekannter Drucker eine Druckfahne nahm und sie für die Erstellung eines Musterbuches verschlüsselte.",
      "dk": "Asia SARAH 21J. \uD83C\uDF38 geiler Service + ANAL !!!"
    },
    "looking": {
      "en": "She is looking for him",
      "de": "Sie sucht Ihn"
    },
    "location": {
      "en": "80979 Munich",
      "de": "80979 München",
      "dk": "Heute, vor 3 Min."
    }
  }
]